{"count":1,"self":1461.2933632,"total":38235.2458406,"children":{"InitializeActuators":{"count":1,"self":0.0019529999999999999,"total":0.0019529999999999999,"children":null},"InitializeSensors":{"count":1,"self":0.0058547999999999994,"total":0.0058547999999999994,"children":null},"AgentSendState":{"count":4417017,"self":8.303818399999999,"total":2629.9256207,"children":{"GridSensor.Update":{"count":883404,"self":2488.1006592,"total":2488.1007065999997,"children":null},"CollectObservations":{"count":883404,"self":2.1868498,"total":2.1868498,"children":null},"WriteActionMask":{"count":883404,"self":0.50947999999999993,"total":0.50947999999999993,"children":null},"RequestDecision":{"count":883404,"self":3.5439976,"total":130.8247659,"children":{"AgentInfo.ToProto":{"count":883404,"self":3.6269215999999997,"total":127.28076829999999,"children":{"GenerateSensorData":{"count":883404,"self":10.4898024,"total":123.6538468,"children":{"GridSensor.GetCompressedObservation":{"count":883404,"self":113.1640448,"total":113.16404449999999,"children":null}}}}}}}}},"DecideAction":{"count":4417017,"self":34101.130035199996,"total":34101.1307602,"children":null},"AgentAct":{"count":4417017,"self":41.5856928,"total":42.8863232,"children":{"GridSensor.Update":{"count":444,"self":1.2454859,"total":1.2454859,"children":null},"AgentInfo.ToProto":{"count":444,"self":0.0009977,"total":0.055144399999999996,"children":{"GenerateSensorData":{"count":444,"self":0.0049609,"total":0.0541467,"children":{"GridSensor.GetCompressedObservation":{"count":444,"self":0.049185799999999995,"total":0.049185799999999995,"children":null}}}}}}}},"gauges":{"RobotAgent.CumulativeReward":{"count":444,"max":79.6833954,"min":-5812.899,"runningAverage":-113.64743,"value":-20.0008221,"weightedAverage":-20.000824}},"metadata":{"timer_format_version":"0.1.0","start_time_seconds":"1701273258","unity_version":"2022.3.12f1","command_line_arguments":"C:\\Program Files\\Unity\\Hub\\Editor\\2022.3.12f1\\Editor\\Unity.exe -projectpath E:\\NTUST\\course\\Motion planning\\Motion-planning-project\\Motion planning project -useHub -hubIPC -cloudEnvironment production","communication_protocol_version":"1.5.0","com.unity.ml-agents_version":"3.0.0-exp.1","scene_name":"Path_ML","end_time_seconds":"1701311493"}}