{"count":1,"self":391.9857408,"total":409.0804415,"children":{"InitializeActuators":{"count":1,"self":0.0020204999999999997,"total":0.0020204999999999997,"children":null},"InitializeSensors":{"count":1,"self":0.0049591999999999995,"total":0.0049591999999999995,"children":null},"AgentSendState":{"count":20173,"self":0.052400999999999996,"total":12.8156103,"children":{"GridSensor.Update":{"count":4035,"self":12.715148,"total":12.715148,"children":null},"CollectObservations":{"count":4035,"self":0.018038699999999998,"total":0.018038699999999998,"children":null},"WriteActionMask":{"count":4035,"self":0.0040143999999999996,"total":0.0040143999999999996,"children":null},"RequestDecision":{"count":4035,"self":0.0260082,"total":0.0260082,"children":null}}},"DecideAction":{"count":20173,"self":1.375572,"total":3.5103883,"children":{"GridSensor.Write":{"count":4035,"self":2.1348164,"total":2.1348162999999998,"children":null}}},"AgentAct":{"count":20173,"self":0.68756529999999993,"total":0.7607165,"children":{"GridSensor.Update":{"count":29,"self":0.0731512,"total":0.0731512,"children":null}}}},"gauges":{"RobotAgent.CumulativeReward":{"count":29,"max":-3.56537437,"min":-44.4776459,"runningAverage":-16.98242,"value":-9.152199,"weightedAverage":-19.59531}},"metadata":{"timer_format_version":"0.1.0","start_time_seconds":"1701055715","unity_version":"2022.3.12f1","command_line_arguments":"C:\\Program Files\\Unity\\Hub\\Editor\\2022.3.12f1\\Editor\\Unity.exe -projectpath E:\\NTUST\\course\\Motion planning\\Motion-planning-project\\Motion planning project -useHub -hubIPC -cloudEnvironment production","communication_protocol_version":"1.5.0","com.unity.ml-agents_version":"3.0.0-exp.1","scene_name":"Path_ML","end_time_seconds":"1701056124"}}